event_id,timestamp_ns,pid,cpu,site_id,layer,func_name,inst_offset,reg_value,target_addr,instr_type,instr_type_name
1,29923727470132,95621,2,14,3,test01_global_fptr_call,0x1485,0x70ea3e2ca0e0,0x70ea3e2c73b9,2,RIP_REL
2,29923727513489,95621,2,14,2,test01_global_fptr_call,0x148c,0x70ea3e2ca0e0,0x70ea3e2c73b9,1,DEREF
3,29923727522140,95621,2,14,1,test01_global_fptr_call,0x148f,0x70ea3e2c73b9,0x70ea3e2c73b9,0,DIRECT
4,29923727558553,95621,2,16,3,test02_local_fptr_call,0x14af,0x70ea3e2c73d3,0x70ea3e2c73d3,2,RIP_REL
5,29923727563581,95621,2,16,2,test02_local_fptr_call,0x14ba,0x70ea3e2c73d3,0x70ea3e2c73d3,3,RBP_REL
6,29923727569042,95621,2,16,1,test02_local_fptr_call,0x14be,0x70ea3e2c73d3,0x70ea3e2c73d3,0,DIRECT
7,29923727601126,95621,2,18,2,test03_table_fptr_call,0x1504,0x2,0x2,0,DIRECT
8,29923727606360,95621,2,18,1,test03_table_fptr_call,0x150f,0x70ea3e2c73ed,0x70ea3e2c73ed,0,DIRECT
9,29923727626751,95621,2,20,3,test04_stack_fptr_call,0x153a,0x70ea3e2c73ed,0x70ea3e2c73ed,3,RBP_REL
10,29923727630790,95621,2,20,2,test04_stack_fptr_call,0x1542,0x70ea3e2c73ed,0x70ea3e2c73ed,3,RBP_REL
11,29923727635993,95621,2,20,1,test04_stack_fptr_call,0x1546,0x70ea3e2c73ed,0x70ea3e2c73ed,0,DIRECT
12,29923727667173,95621,2,22,3,test05_vtable_call,0x1566,0x70ea3e2c73b9,0x70ea3e2c73b9,2,RIP_REL
13,29923727671530,95621,2,23,3,test05_vtable_call,0x1571,0x70ea3e2c73d3,0x70ea3e2c73d3,2,RIP_REL
14,29923727675065,95621,2,22,2,test05_vtable_call,0x1583,0x70ea3e2c73b9,0x70ea3e2c73b9,3,RBP_REL
15,29923727680274,95621,2,22,1,test05_vtable_call,0x1587,0x70ea3e2c73b9,0x70ea3e2c73b9,0,DIRECT
16,29923727697631,95621,2,23,2,test05_vtable_call,0x1589,0x70ea3e2c73d3,0x70ea3e2c73d3,3,RBP_REL
17,29923727703020,95621,2,23,1,test05_vtable_call,0x158d,0x70ea3e2c73d3,0x70ea3e2c73d3,0,DIRECT
18,29923727730452,95621,2,25,2,call_via_fp,0x15a2,0x70ea3e2c7407,0x70ea3e2c7407,3,RBP_REL
19,29923727735792,95621,2,25,1,call_via_fp,0x15a6,0x70ea3e2c7407,0x70ea3e2c7407,0,DIRECT
20,29923727762117,95621,2,28,3,test07_indirect_jump,0x161a,0x0,0x0,1,DEREF
21,29923727765479,95621,2,28,2,test07_indirect_jump,0x1628,0x70ea3e2c73b9,0xe5894855fa1e0fcc,3,RBP_REL
22,29923727770966,95621,2,28,1,test07_indirect_jump,0x162c,0x70ea3e2c73b9,0x70ea3e2c73b9,0,DIRECT
23,29923727780222,95621,2,29,3,test07_indirect_jump,0x162e,0x70ea3e2c73ed,0x70ea3e2c73ed,2,RIP_REL
24,29923727783619,95621,2,29,2,test07_indirect_jump,0x1639,0x70ea3e2c73ed,0x70ea3e2c73ed,3,RBP_REL
25,29923727788647,95621,2,29,1,test07_indirect_jump,0x163d,0x70ea3e2c73ed,0x70ea3e2c73ed,0,DIRECT
26,29923727804158,95621,2,31,2,test08_indirect_call_with_retval,0x1682,0x70ea3e2c7421,0x70ea3e2c7421,3,RBP_REL
27,29923727809824,95621,2,31,1,test08_indirect_call_with_retval,0x1688,0x70ea3e2c7421,0x70ea3e2c7421,0,DIRECT
28,29923727833124,95621,2,33,3,test09_indirect_call_multiarg,0x16c4,0x70ea3e2c7433,0x70ea3e2c7433,2,RIP_REL
29,29923727837136,95621,2,33,2,test09_indirect_call_multiarg,0x16cf,0x70ea3e2c7433,0x70ea3e2c7433,3,RBP_REL
30,29923727842301,95621,2,33,1,test09_indirect_call_multiarg,0x16e2,0x70ea3e2c7433,0x70ea3e2c7433,0,DIRECT
31,29923727857660,95621,2,35,3,test10_volatile_fptr,0x1702,0x70ea3e2c73b9,0x70ea3e2c73b9,2,RIP_REL
32,29923727861633,95621,2,35,2,test10_volatile_fptr,0x170d,0x70ea3e2c73b9,0x70ea3e2c73b9,3,RBP_REL
33,29923727866595,95621,2,35,1,test10_volatile_fptr,0x1711,0x70ea3e2c73b9,0x70ea3e2c73b9,0,DIRECT
34,29923727882131,95621,2,37,2,test11_conditional_indirect,0x175c,0x70ea3e2c73b9,0x70ea3e2c73b9,3,RBP_REL
35,29923727887220,95621,2,37,1,test11_conditional_indirect,0x1760,0x70ea3e2c73b9,0x70ea3e2c73b9,0,DIRECT
36,29923727902038,95621,2,39,2,test12_switch_style,0x17e9,0x70ea3e2c73ed,0x70ea3e2c73ed,3,RBP_REL
37,29923727907115,95621,2,39,1,test12_switch_style,0x17ed,0x70ea3e2c73ed,0x70ea3e2c73ed,0,DIRECT
38,29923727921683,95621,2,41,3,test13_runtime_computed_target,0x1844,0x3e2c77ef00000002,0x3e2c77ef00000002,3,RBP_REL
39,29923727925216,95621,2,41,2,test13_runtime_computed_target,0x1852,0x70ea3e2c73ed,0x70ea3e2c73ed,3,RBP_REL
40,29923727930232,95621,2,41,1,test13_runtime_computed_target,0x1856,0x70ea3e2c73ed,0x70ea3e2c73ed,0,DIRECT
41,29923727970704,95621,2,46,3,test15_double_indirect,0x18f1,0x70ea3e2ca120,0x70ea3e2c73b9,1,DEREF
42,29923727974168,95621,2,46,2,test15_double_indirect,0x18f8,0x70ea3e2c73b9,0xe5894855fa1e0fcc,3,RBP_REL
43,29923727978662,95621,2,46,1,test15_double_indirect,0x18fc,0x70ea3e2c73b9,0x70ea3e2c73b9,0,DIRECT
44,29923727994999,95621,2,49,3,test16_returned_fptr_call,0x19a3,0x28,0x0,1,DEREF
45,29923728010553,95621,2,49,2,test16_returned_fptr_call,0x19ac,0x70ea3e2c73d3,0xe5894855fa1e0fcc,3,RBP_REL
46,29923728015393,95621,2,49,1,test16_returned_fptr_call,0x19b0,0x70ea3e2c73d3,0x70ea3e2c73d3,0,DIRECT
47,29923728037750,95621,2,51,3,test17_nested_struct_fptr,0x19df,0x70ea3e2c73d3,0x70ea3e2c73d3,2,RIP_REL
48,29923728040999,95621,2,51,2,test17_nested_struct_fptr,0x19f1,0x70ea3e2c73d3,0x70ea3e2c73d3,3,RBP_REL
49,29923728045607,95621,2,51,1,test17_nested_struct_fptr,0x19f5,0x70ea3e2c73d3,0x70ea3e2c73d3,0,DIRECT
50,29924728292874,95621,2,14,3,test01_global_fptr_call,0x1485,0x70ea3e2ca0e0,0x70ea3e2c73b9,2,RIP_REL
51,29924728313663,95621,2,14,2,test01_global_fptr_call,0x148c,0x70ea3e2ca0e0,0x70ea3e2c73b9,1,DEREF
52,29924728323017,95621,2,14,1,test01_global_fptr_call,0x148f,0x70ea3e2c73b9,0x70ea3e2c73b9,0,DIRECT
53,29924728347749,95621,2,16,3,test02_local_fptr_call,0x14af,0x70ea3e2c73d3,0x70ea3e2c73d3,2,RIP_REL
54,29924728351536,95621,2,16,2,test02_local_fptr_call,0x14ba,0x70ea3e2c73d3,0x70ea3e2c73d3,3,RBP_REL
55,29924728357200,95621,2,16,1,test02_local_fptr_call,0x14be,0x70ea3e2c73d3,0x70ea3e2c73d3,0,DIRECT
56,29924728374440,95621,2,18,2,test03_table_fptr_call,0x1504,0x2,0x2,0,DIRECT
57,29924728379264,95621,2,18,1,test03_table_fptr_call,0x150f,0x70ea3e2c73ed,0x70ea3e2c73ed,0,DIRECT
58,29924728393401,95621,2,20,3,test04_stack_fptr_call,0x153a,0x70ea3e2c73ed,0x70ea3e2c73ed,3,RBP_REL
59,29924728397550,95621,2,20,2,test04_stack_fptr_call,0x1542,0x70ea3e2c73ed,0x70ea3e2c73ed,3,RBP_REL
60,29924728402432,95621,2,20,1,test04_stack_fptr_call,0x1546,0x70ea3e2c73ed,0x70ea3e2c73ed,0,DIRECT
61,29924728415624,95621,2,22,3,test05_vtable_call,0x1566,0x70ea3e2c73b9,0x70ea3e2c73b9,2,RIP_REL
62,29924728419028,95621,2,23,3,test05_vtable_call,0x1571,0x70ea3e2c73d3,0x70ea3e2c73d3,2,RIP_REL
63,29924728422328,95621,2,22,2,test05_vtable_call,0x1583,0x70ea3e2c73b9,0x70ea3e2c73b9,3,RBP_REL
64,29924728427499,95621,2,22,1,test05_vtable_call,0x1587,0x70ea3e2c73b9,0x70ea3e2c73b9,0,DIRECT
65,29924728435441,95621,2,23,2,test05_vtable_call,0x1589,0x70ea3e2c73d3,0x70ea3e2c73d3,3,RBP_REL
66,29924728440207,95621,2,23,1,test05_vtable_call,0x158d,0x70ea3e2c73d3,0x70ea3e2c73d3,0,DIRECT
67,29924728455368,95621,2,25,2,call_via_fp,0x15a2,0x70ea3e2c7407,0x70ea3e2c7407,3,RBP_REL
68,29924728460818,95621,2,25,1,call_via_fp,0x15a6,0x70ea3e2c7407,0x70ea3e2c7407,0,DIRECT
69,29924728478450,95621,2,28,3,test07_indirect_jump,0x161a,0x0,0x0,1,DEREF
70,29924728481771,95621,2,28,2,test07_indirect_jump,0x1628,0x70ea3e2c73b9,0xe5894855fa1e0fcc,3,RBP_REL
71,29924728486776,95621,2,28,1,test07_indirect_jump,0x162c,0x70ea3e2c73b9,0x70ea3e2c73b9,0,DIRECT
72,29924728494899,95621,2,29,3,test07_indirect_jump,0x162e,0x70ea3e2c73ed,0x70ea3e2c73ed,2,RIP_REL
73,29924728498337,95621,2,29,2,test07_indirect_jump,0x1639,0x70ea3e2c73ed,0x70ea3e2c73ed,3,RBP_REL
74,29924728503204,95621,2,29,1,test07_indirect_jump,0x163d,0x70ea3e2c73ed,0x70ea3e2c73ed,0,DIRECT
75,29924728517095,95621,2,31,2,test08_indirect_call_with_retval,0x1682,0x70ea3e2c7421,0x70ea3e2c7421,3,RBP_REL
76,29924728522352,95621,2,31,1,test08_indirect_call_with_retval,0x1688,0x70ea3e2c7421,0x70ea3e2c7421,0,DIRECT
77,29924728536300,95621,2,33,3,test09_indirect_call_multiarg,0x16c4,0x70ea3e2c7433,0x70ea3e2c7433,2,RIP_REL
78,29924728540207,95621,2,33,2,test09_indirect_call_multiarg,0x16cf,0x70ea3e2c7433,0x70ea3e2c7433,3,RBP_REL
79,29924728544957,95621,2,33,1,test09_indirect_call_multiarg,0x16e2,0x70ea3e2c7433,0x70ea3e2c7433,0,DIRECT
80,29924728559313,95621,2,35,3,test10_volatile_fptr,0x1702,0x70ea3e2c73b9,0x70ea3e2c73b9,2,RIP_REL
81,29924728563182,95621,2,35,2,test10_volatile_fptr,0x170d,0x70ea3e2c73b9,0x70ea3e2c73b9,3,RBP_REL
82,29924728567558,95621,2,35,1,test10_volatile_fptr,0x1711,0x70ea3e2c73b9,0x70ea3e2c73b9,0,DIRECT
83,29924728581860,95621,2,37,2,test11_conditional_indirect,0x175c,0x70ea3e2c73b9,0x70ea3e2c73b9,3,RBP_REL
84,29924728586530,95621,2,37,1,test11_conditional_indirect,0x1760,0x70ea3e2c73b9,0x70ea3e2c73b9,0,DIRECT
85,29924728600403,95621,2,39,2,test12_switch_style,0x17e9,0x70ea3e2c73ed,0x70ea3e2c73ed,3,RBP_REL
86,29924728605628,95621,2,39,1,test12_switch_style,0x17ed,0x70ea3e2c73ed,0x70ea3e2c73ed,0,DIRECT
87,29924728619399,95621,2,41,3,test13_runtime_computed_target,0x1844,0x3e2c77ef00000002,0x3e2c77ef00000002,3,RBP_REL
88,29924728622874,95621,2,41,2,test13_runtime_computed_target,0x1852,0x70ea3e2c73ed,0x70ea3e2c73ed,3,RBP_REL
89,29924728627176,95621,2,41,1,test13_runtime_computed_target,0x1856,0x70ea3e2c73ed,0x70ea3e2c73ed,0,DIRECT
90,29924728658069,95621,2,46,3,test15_double_indirect,0x18f1,0x70ea3e2ca120,0x70ea3e2c73b9,1,DEREF
91,29924728661277,95621,2,46,2,test15_double_indirect,0x18f8,0x70ea3e2c73b9,0xe5894855fa1e0fcc,3,RBP_REL
92,29924728665817,95621,2,46,1,test15_double_indirect,0x18fc,0x70ea3e2c73b9,0x70ea3e2c73b9,0,DIRECT
93,29924728681806,95621,2,49,3,test16_returned_fptr_call,0x19a3,0x28,0x0,1,DEREF
94,29924728689086,95621,2,49,2,test16_returned_fptr_call,0x19ac,0x70ea3e2c73d3,0xe5894855fa1e0fcc,3,RBP_REL
95,29924728693535,95621,2,49,1,test16_returned_fptr_call,0x19b0,0x70ea3e2c73d3,0x70ea3e2c73d3,0,DIRECT
96,29924728706739,95621,2,51,3,test17_nested_struct_fptr,0x19df,0x70ea3e2c73d3,0x70ea3e2c73d3,2,RIP_REL
97,29924728709853,95621,2,51,2,test17_nested_struct_fptr,0x19f1,0x70ea3e2c73d3,0x70ea3e2c73d3,3,RBP_REL
98,29924728714247,95621,2,51,1,test17_nested_struct_fptr,0x19f5,0x70ea3e2c73d3,0x70ea3e2c73d3,0,DIRECT
99,29925762177612,95621,2,14,3,test01_global_fptr_call,0x1485,0x70ea3e2ca0e0,0x70ea3e2c73b9,2,RIP_REL
100,29925762200850,95621,2,14,2,test01_global_fptr_call,0x148c,0x70ea3e2ca0e0,0x70ea3e2c73b9,1,DEREF
101,29925762210548,95621,2,14,1,test01_global_fptr_call,0x148f,0x70ea3e2c73b9,0x70ea3e2c73b9,0,DIRECT
102,29925762237293,95621,2,16,3,test02_local_fptr_call,0x14af,0x70ea3e2c73d3,0x70ea3e2c73d3,2,RIP_REL
103,29925762241458,95621,2,16,2,test02_local_fptr_call,0x14ba,0x70ea3e2c73d3,0x70ea3e2c73d3,3,RBP_REL
104,29925762247627,95621,2,16,1,test02_local_fptr_call,0x14be,0x70ea3e2c73d3,0x70ea3e2c73d3,0,DIRECT
105,29925762266693,95621,2,18,2,test03_table_fptr_call,0x1504,0x2,0x2,0,DIRECT
106,29925762272215,95621,2,18,1,test03_table_fptr_call,0x150f,0x70ea3e2c73ed,0x70ea3e2c73ed,0,DIRECT
107,29925762287673,95621,2,20,3,test04_stack_fptr_call,0x153a,0x70ea3e2c73ed,0x70ea3e2c73ed,3,RBP_REL
108,29925762292273,95621,2,20,2,test04_stack_fptr_call,0x1542,0x70ea3e2c73ed,0x70ea3e2c73ed,3,RBP_REL
109,29925762297633,95621,2,20,1,test04_stack_fptr_call,0x1546,0x70ea3e2c73ed,0x70ea3e2c73ed,0,DIRECT
110,29925762312278,95621,2,22,3,test05_vtable_call,0x1566,0x70ea3e2c73b9,0x70ea3e2c73b9,2,RIP_REL
111,29925762316036,95621,2,23,3,test05_vtable_call,0x1571,0x70ea3e2c73d3,0x70ea3e2c73d3,2,RIP_REL
112,29925762319759,95621,2,22,2,test05_vtable_call,0x1583,0x70ea3e2c73b9,0x70ea3e2c73b9,3,RBP_REL
113,29925762325079,95621,2,22,1,test05_vtable_call,0x1587,0x70ea3e2c73b9,0x70ea3e2c73b9,0,DIRECT
114,29925762333906,95621,2,23,2,test05_vtable_call,0x1589,0x70ea3e2c73d3,0x70ea3e2c73d3,3,RBP_REL
115,29925762339198,95621,2,23,1,test05_vtable_call,0x158d,0x70ea3e2c73d3,0x70ea3e2c73d3,0,DIRECT
116,29925762356041,95621,2,25,2,call_via_fp,0x15a2,0x70ea3e2c7407,0x70ea3e2c7407,3,RBP_REL
117,29925762362237,95621,2,25,1,call_via_fp,0x15a6,0x70ea3e2c7407,0x70ea3e2c7407,0,DIRECT
118,29925762381031,95621,2,28,3,test07_indirect_jump,0x161a,0x0,0x0,1,DEREF
119,29925762384682,95621,2,28,2,test07_indirect_jump,0x1628,0x70ea3e2c73b9,0xe5894855fa1e0fcc,3,RBP_REL
120,29925762389904,95621,2,28,1,test07_indirect_jump,0x162c,0x70ea3e2c73b9,0x70ea3e2c73b9,0,DIRECT
121,29925762398899,95621,2,29,3,test07_indirect_jump,0x162e,0x70ea3e2c73ed,0x70ea3e2c73ed,2,RIP_REL
122,29925762402958,95621,2,29,2,test07_indirect_jump,0x1639,0x70ea3e2c73ed,0x70ea3e2c73ed,3,RBP_REL
123,29925762408178,95621,2,29,1,test07_indirect_jump,0x163d,0x70ea3e2c73ed,0x70ea3e2c73ed,0,DIRECT
124,29925762423361,95621,2,31,2,test08_indirect_call_with_retval,0x1682,0x70ea3e2c7421,0x70ea3e2c7421,3,RBP_REL
125,29925762429224,95621,2,31,1,test08_indirect_call_with_retval,0x1688,0x70ea3e2c7421,0x70ea3e2c7421,0,DIRECT
126,29925762444483,95621,2,33,3,test09_indirect_call_multiarg,0x16c4,0x70ea3e2c7433,0x70ea3e2c7433,2,RIP_REL
127,29925762448820,95621,2,33,2,test09_indirect_call_multiarg,0x16cf,0x70ea3e2c7433,0x70ea3e2c7433,3,RBP_REL
128,29925762454417,95621,2,33,1,test09_indirect_call_multiarg,0x16e2,0x70ea3e2c7433,0x70ea3e2c7433,0,DIRECT
129,29925762470848,95621,2,35,3,test10_volatile_fptr,0x1702,0x70ea3e2c73b9,0x70ea3e2c73b9,2,RIP_REL
130,29925762474803,95621,2,35,2,test10_volatile_fptr,0x170d,0x70ea3e2c73b9,0x70ea3e2c73b9,3,RBP_REL
131,29925762479651,95621,2,35,1,test10_volatile_fptr,0x1711,0x70ea3e2c73b9,0x70ea3e2c73b9,0,DIRECT
132,29925762495383,95621,2,37,2,test11_conditional_indirect,0x175c,0x70ea3e2c73b9,0x70ea3e2c73b9,3,RBP_REL
133,29925762500515,95621,2,37,1,test11_conditional_indirect,0x1760,0x70ea3e2c73b9,0x70ea3e2c73b9,0,DIRECT
134,29925762520271,95621,2,39,2,test12_switch_style,0x17e9,0x70ea3e2c73ed,0x70ea3e2c73ed,3,RBP_REL
135,29925762525736,95621,2,39,1,test12_switch_style,0x17ed,0x70ea3e2c73ed,0x70ea3e2c73ed,0,DIRECT
136,29925762540432,95621,2,41,3,test13_runtime_computed_target,0x1844,0x3e2c77ef00000002,0x3e2c77ef00000002,3,RBP_REL
137,29925762543910,95621,2,41,2,test13_runtime_computed_target,0x1852,0x70ea3e2c73ed,0x70ea3e2c73ed,3,RBP_REL
138,29925762548939,95621,2,41,1,test13_runtime_computed_target,0x1856,0x70ea3e2c73ed,0x70ea3e2c73ed,0,DIRECT
139,29925762582305,95621,2,46,3,test15_double_indirect,0x18f1,0x70ea3e2ca120,0x70ea3e2c73b9,1,DEREF
140,29925762586129,95621,2,46,2,test15_double_indirect,0x18f8,0x70ea3e2c73b9,0xe5894855fa1e0fcc,3,RBP_REL
141,29925762590986,95621,2,46,1,test15_double_indirect,0x18fc,0x70ea3e2c73b9,0x70ea3e2c73b9,0,DIRECT
142,29925762609065,95621,2,49,3,test16_returned_fptr_call,0x19a3,0x28,0x0,1,DEREF
143,29925762617093,95621,2,49,2,test16_returned_fptr_call,0x19ac,0x70ea3e2c73d3,0xe5894855fa1e0fcc,3,RBP_REL
144,29925762622028,95621,2,49,1,test16_returned_fptr_call,0x19b0,0x70ea3e2c73d3,0x70ea3e2c73d3,0,DIRECT
145,29925762636352,95621,2,51,3,test17_nested_struct_fptr,0x19df,0x70ea3e2c73d3,0x70ea3e2c73d3,2,RIP_REL
146,29925762639770,95621,2,51,2,test17_nested_struct_fptr,0x19f1,0x70ea3e2c73d3,0x70ea3e2c73d3,3,RBP_REL
147,29925762644786,95621,2,51,1,test17_nested_struct_fptr,0x19f5,0x70ea3e2c73d3,0x70ea3e2c73d3,0,DIRECT
148,29926763004218,95621,2,14,3,test01_global_fptr_call,0x1485,0x70ea3e2ca0e0,0x70ea3e2c73b9,2,RIP_REL
149,29926763024796,95621,2,14,2,test01_global_fptr_call,0x148c,0x70ea3e2ca0e0,0x70ea3e2c73b9,1,DEREF
150,29926763039606,95621,2,14,1,test01_global_fptr_call,0x148f,0x70ea3e2c73b9,0x70ea3e2c73b9,0,DIRECT
151,29926763079313,95621,2,16,3,test02_local_fptr_call,0x14af,0x70ea3e2c73d3,0x70ea3e2c73d3,2,RIP_REL
152,29926763084308,95621,2,16,2,test02_local_fptr_call,0x14ba,0x70ea3e2c73d3,0x70ea3e2c73d3,3,RBP_REL
153,29926763090908,95621,2,16,1,test02_local_fptr_call,0x14be,0x70ea3e2c73d3,0x70ea3e2c73d3,0,DIRECT
154,29926763111387,95621,2,18,2,test03_table_fptr_call,0x1504,0x2,0x2,0,DIRECT
155,29926763117618,95621,2,18,1,test03_table_fptr_call,0x150f,0x70ea3e2c73ed,0x70ea3e2c73ed,0,DIRECT
156,29926763134554,95621,2,20,3,test04_stack_fptr_call,0x153a,0x70ea3e2c73ed,0x70ea3e2c73ed,3,RBP_REL
157,29926763139407,95621,2,20,2,test04_stack_fptr_call,0x1542,0x70ea3e2c73ed,0x70ea3e2c73ed,3,RBP_REL
158,29926763145443,95621,2,20,1,test04_stack_fptr_call,0x1546,0x70ea3e2c73ed,0x70ea3e2c73ed,0,DIRECT
159,29926763161463,95621,2,22,3,test05_vtable_call,0x1566,0x70ea3e2c73b9,0x70ea3e2c73b9,2,RIP_REL
160,29926763165783,95621,2,23,3,test05_vtable_call,0x1571,0x70ea3e2c73d3,0x70ea3e2c73d3,2,RIP_REL
161,29926763170052,95621,2,22,2,test05_vtable_call,0x1583,0x70ea3e2c73b9,0x70ea3e2c73b9,3,RBP_REL
162,29926763176629,95621,2,22,1,test05_vtable_call,0x1587,0x70ea3e2c73b9,0x70ea3e2c73b9,0,DIRECT
163,29926763186035,95621,2,23,2,test05_vtable_call,0x1589,0x70ea3e2c73d3,0x70ea3e2c73d3,3,RBP_REL
164,29926763191965,95621,2,23,1,test05_vtable_call,0x158d,0x70ea3e2c73d3,0x70ea3e2c73d3,0,DIRECT
165,29926763210051,95621,2,25,2,call_via_fp,0x15a2,0x70ea3e2c7407,0x70ea3e2c7407,3,RBP_REL
166,29926763217101,95621,2,25,1,call_via_fp,0x15a6,0x70ea3e2c7407,0x70ea3e2c7407,0,DIRECT
167,29926763237729,95621,2,28,3,test07_indirect_jump,0x161a,0x0,0x0,1,DEREF
168,29926763241574,95621,2,28,2,test07_indirect_jump,0x1628,0x70ea3e2c73b9,0xe5894855fa1e0fcc,3,RBP_REL
169,29926763247985,95621,2,28,1,test07_indirect_jump,0x162c,0x70ea3e2c73b9,0x70ea3e2c73b9,0,DIRECT
170,29926763257522,95621,2,29,3,test07_indirect_jump,0x162e,0x70ea3e2c73ed,0x70ea3e2c73ed,2,RIP_REL
171,29926763261970,95621,2,29,2,test07_indirect_jump,0x1639,0x70ea3e2c73ed,0x70ea3e2c73ed,3,RBP_REL
172,29926763267895,95621,2,29,1,test07_indirect_jump,0x163d,0x70ea3e2c73ed,0x70ea3e2c73ed,0,DIRECT
173,29926763283794,95621,2,31,2,test08_indirect_call_with_retval,0x1682,0x70ea3e2c7421,0x70ea3e2c7421,3,RBP_REL
174,29926763290531,95621,2,31,1,test08_indirect_call_with_retval,0x1688,0x70ea3e2c7421,0x70ea3e2c7421,0,DIRECT
175,29926763308066,95621,2,33,3,test09_indirect_call_multiarg,0x16c4,0x70ea3e2c7433,0x70ea3e2c7433,2,RIP_REL
176,29926763312754,95621,2,33,2,test09_indirect_call_multiarg,0x16cf,0x70ea3e2c7433,0x70ea3e2c7433,3,RBP_REL
177,29926763319115,95621,2,33,1,test09_indirect_call_multiarg,0x16e2,0x70ea3e2c7433,0x70ea3e2c7433,0,DIRECT
178,29926763336775,95621,2,35,3,test10_volatile_fptr,0x1702,0x70ea3e2c73b9,0x70ea3e2c73b9,2,RIP_REL
179,29926763341417,95621,2,35,2,test10_volatile_fptr,0x170d,0x70ea3e2c73b9,0x70ea3e2c73b9,3,RBP_REL
180,29926763347216,95621,2,35,1,test10_volatile_fptr,0x1711,0x70ea3e2c73b9,0x70ea3e2c73b9,0,DIRECT
181,29926763363426,95621,2,37,2,test11_conditional_indirect,0x175c,0x70ea3e2c73b9,0x70ea3e2c73b9,3,RBP_REL
182,29926763369320,95621,2,37,1,test11_conditional_indirect,0x1760,0x70ea3e2c73b9,0x70ea3e2c73b9,0,DIRECT
183,29926763384980,95621,2,39,2,test12_switch_style,0x17e9,0x70ea3e2c73ed,0x70ea3e2c73ed,3,RBP_REL
184,29926763391660,95621,2,39,1,test12_switch_style,0x17ed,0x70ea3e2c73ed,0x70ea3e2c73ed,0,DIRECT
185,29926763407456,95621,2,41,3,test13_runtime_computed_target,0x1844,0x3e2c77ef00000002,0x3e2c77ef00000002,3,RBP_REL
186,29926763411745,95621,2,41,2,test13_runtime_computed_target,0x1852,0x70ea3e2c73ed,0x70ea3e2c73ed,3,RBP_REL
187,29926763417493,95621,2,41,1,test13_runtime_computed_target,0x1856,0x70ea3e2c73ed,0x70ea3e2c73ed,0,DIRECT
188,29926763453299,95621,2,46,3,test15_double_indirect,0x18f1,0x70ea3e2ca120,0x70ea3e2c73b9,1,DEREF
189,29926763457559,95621,2,46,2,test15_double_indirect,0x18f8,0x70ea3e2c73b9,0xe5894855fa1e0fcc,3,RBP_REL
190,29926763463334,95621,2,46,1,test15_double_indirect,0x18fc,0x70ea3e2c73b9,0x70ea3e2c73b9,0,DIRECT
191,29926763481876,95621,2,49,3,test16_returned_fptr_call,0x19a3,0x28,0x0,1,DEREF
192,29926763491086,95621,2,49,2,test16_returned_fptr_call,0x19ac,0x70ea3e2c73d3,0xe5894855fa1e0fcc,3,RBP_REL
193,29926763496959,95621,2,49,1,test16_returned_fptr_call,0x19b0,0x70ea3e2c73d3,0x70ea3e2c73d3,0,DIRECT
194,29926763517230,95621,2,51,3,test17_nested_struct_fptr,0x19df,0x70ea3e2c73d3,0x70ea3e2c73d3,2,RIP_REL
195,29926763521071,95621,2,51,2,test17_nested_struct_fptr,0x19f1,0x70ea3e2c73d3,0x70ea3e2c73d3,3,RBP_REL
196,29926763527067,95621,2,51,1,test17_nested_struct_fptr,0x19f5,0x70ea3e2c73d3,0x70ea3e2c73d3,0,DIRECT
197,29927805715558,95621,2,14,3,test01_global_fptr_call,0x1485,0x70ea3e2ca0e0,0x70ea3e2c73b9,2,RIP_REL
198,29927805736218,95621,2,14,2,test01_global_fptr_call,0x148c,0x70ea3e2ca0e0,0x70ea3e2c73b9,1,DEREF
199,29927805745887,95621,2,14,1,test01_global_fptr_call,0x148f,0x70ea3e2c73b9,0x70ea3e2c73b9,0,DIRECT
200,29927805764835,95621,2,16,3,test02_local_fptr_call,0x14af,0x70ea3e2c73d3,0x70ea3e2c73d3,2,RIP_REL
201,29927805769277,95621,2,16,2,test02_local_fptr_call,0x14ba,0x70ea3e2c73d3,0x70ea3e2c73d3,3,RBP_REL
202,29927805775544,95621,2,16,1,test02_local_fptr_call,0x14be,0x70ea3e2c73d3,0x70ea3e2c73d3,0,DIRECT
203,29927805802220,95621,2,18,2,test03_table_fptr_call,0x1504,0x2,0x2,0,DIRECT
204,29927805807900,95621,2,18,1,test03_table_fptr_call,0x150f,0x70ea3e2c73ed,0x70ea3e2c73ed,0,DIRECT
205,29927805823711,95621,2,20,3,test04_stack_fptr_call,0x153a,0x70ea3e2c73ed,0x70ea3e2c73ed,3,RBP_REL
206,29927805828051,95621,2,20,2,test04_stack_fptr_call,0x1542,0x70ea3e2c73ed,0x70ea3e2c73ed,3,RBP_REL
207,29927805833591,95621,2,20,1,test04_stack_fptr_call,0x1546,0x70ea3e2c73ed,0x70ea3e2c73ed,0,DIRECT
208,29927805848655,95621,2,22,3,test05_vtable_call,0x1566,0x70ea3e2c73b9,0x70ea3e2c73b9,2,RIP_REL
209,29927805852690,95621,2,23,3,test05_vtable_call,0x1571,0x70ea3e2c73d3,0x70ea3e2c73d3,2,RIP_REL
210,29927805856421,95621,2,22,2,test05_vtable_call,0x1583,0x70ea3e2c73b9,0x70ea3e2c73b9,3,RBP_REL
211,29927805862271,95621,2,22,1,test05_vtable_call,0x1587,0x70ea3e2c73b9,0x70ea3e2c73b9,0,DIRECT
212,29927805871076,95621,2,23,2,test05_vtable_call,0x1589,0x70ea3e2c73d3,0x70ea3e2c73d3,3,RBP_REL
213,29927805876412,95621,2,23,1,test05_vtable_call,0x158d,0x70ea3e2c73d3,0x70ea3e2c73d3,0,DIRECT
214,29927805893385,95621,2,25,2,call_via_fp,0x15a2,0x70ea3e2c7407,0x70ea3e2c7407,3,RBP_REL
215,29927805899481,95621,2,25,1,call_via_fp,0x15a6,0x70ea3e2c7407,0x70ea3e2c7407,0,DIRECT
216,29927805918730,95621,2,28,3,test07_indirect_jump,0x161a,0x0,0x0,1,DEREF
217,29927805922303,95621,2,28,2,test07_indirect_jump,0x1628,0x70ea3e2c73b9,0xe5894855fa1e0fcc,3,RBP_REL
218,29927805927949,95621,2,28,1,test07_indirect_jump,0x162c,0x70ea3e2c73b9,0x70ea3e2c73b9,0,DIRECT
219,29927805936960,95621,2,29,3,test07_indirect_jump,0x162e,0x70ea3e2c73ed,0x70ea3e2c73ed,2,RIP_REL
220,29927805940640,95621,2,29,2,test07_indirect_jump,0x1639,0x70ea3e2c73ed,0x70ea3e2c73ed,3,RBP_REL
221,29927805945731,95621,2,29,1,test07_indirect_jump,0x163d,0x70ea3e2c73ed,0x70ea3e2c73ed,0,DIRECT
222,29927805961279,95621,2,31,2,test08_indirect_call_with_retval,0x1682,0x70ea3e2c7421,0x70ea3e2c7421,3,RBP_REL
223,29927805967210,95621,2,31,1,test08_indirect_call_with_retval,0x1688,0x70ea3e2c7421,0x70ea3e2c7421,0,DIRECT
224,29927805982827,95621,2,33,3,test09_indirect_call_multiarg,0x16c4,0x70ea3e2c7433,0x70ea3e2c7433,2,RIP_REL
225,29927805987446,95621,2,33,2,test09_indirect_call_multiarg,0x16cf,0x70ea3e2c7433,0x70ea3e2c7433,3,RBP_REL
226,29927805992848,95621,2,33,1,test09_indirect_call_multiarg,0x16e2,0x70ea3e2c7433,0x70ea3e2c7433,0,DIRECT
227,29927806009374,95621,2,35,3,test10_volatile_fptr,0x1702,0x70ea3e2c73b9,0x70ea3e2c73b9,2,RIP_REL
228,29927806013795,95621,2,35,2,test10_volatile_fptr,0x170d,0x70ea3e2c73b9,0x70ea3e2c73b9,3,RBP_REL
229,29927806018899,95621,2,35,1,test10_volatile_fptr,0x1711,0x70ea3e2c73b9,0x70ea3e2c73b9,0,DIRECT
230,29927806034477,95621,2,37,2,test11_conditional_indirect,0x175c,0x70ea3e2c73b9,0x70ea3e2c73b9,3,RBP_REL
231,29927806040051,95621,2,37,1,test11_conditional_indirect,0x1760,0x70ea3e2c73b9,0x70ea3e2c73b9,0,DIRECT
232,29927806055215,95621,2,39,2,test12_switch_style,0x17e9,0x70ea3e2c73ed,0x70ea3e2c73ed,3,RBP_REL
233,29927806060999,95621,2,39,1,test12_switch_style,0x17ed,0x70ea3e2c73ed,0x70ea3e2c73ed,0,DIRECT
234,29927806076165,95621,2,41,3,test13_runtime_computed_target,0x1844,0x3e2c77ef00000002,0x3e2c77ef00000002,3,RBP_REL
235,29927806079918,95621,2,41,2,test13_runtime_computed_target,0x1852,0x70ea3e2c73ed,0x70ea3e2c73ed,3,RBP_REL
236,29927806085029,95621,2,41,1,test13_runtime_computed_target,0x1856,0x70ea3e2c73ed,0x70ea3e2c73ed,0,DIRECT
237,29927806119339,95621,2,46,3,test15_double_indirect,0x18f1,0x70ea3e2ca120,0x70ea3e2c73b9,1,DEREF
238,29927806123210,95621,2,46,2,test15_double_indirect,0x18f8,0x70ea3e2c73b9,0xe5894855fa1e0fcc,3,RBP_REL
239,29927806128316,95621,2,46,1,test15_double_indirect,0x18fc,0x70ea3e2c73b9,0x70ea3e2c73b9,0,DIRECT
240,29927806146200,95621,2,49,3,test16_returned_fptr_call,0x19a3,0x28,0x0,1,DEREF
241,29927806154204,95621,2,49,2,test16_returned_fptr_call,0x19ac,0x70ea3e2c73d3,0xe5894855fa1e0fcc,3,RBP_REL
242,29927806159303,95621,2,49,1,test16_returned_fptr_call,0x19b0,0x70ea3e2c73d3,0x70ea3e2c73d3,0,DIRECT
243,29927806173828,95621,2,51,3,test17_nested_struct_fptr,0x19df,0x70ea3e2c73d3,0x70ea3e2c73d3,2,RIP_REL
244,29927806177238,95621,2,51,2,test17_nested_struct_fptr,0x19f1,0x70ea3e2c73d3,0x70ea3e2c73d3,3,RBP_REL
245,29927806182212,95621,2,51,1,test17_nested_struct_fptr,0x19f5,0x70ea3e2c73d3,0x70ea3e2c73d3,0,DIRECT
246,29928821751751,95621,2,14,3,test01_global_fptr_call,0x1485,0x70ea3e2ca0e0,0x70ea3e2c73b9,2,RIP_REL
247,29928821776595,95621,2,14,2,test01_global_fptr_call,0x148c,0x70ea3e2ca0e0,0x70ea3e2c73b9,1,DEREF
248,29928821786512,95621,2,14,1,test01_global_fptr_call,0x148f,0x70ea3e2c73b9,0x70ea3e2c73b9,0,DIRECT
249,29928821815327,95621,2,16,3,test02_local_fptr_call,0x14af,0x70ea3e2c73d3,0x70ea3e2c73d3,2,RIP_REL
250,29928821819923,95621,2,16,2,test02_local_fptr_call,0x14ba,0x70ea3e2c73d3,0x70ea3e2c73d3,3,RBP_REL
251,29928821826095,95621,2,16,1,test02_local_fptr_call,0x14be,0x70ea3e2c73d3,0x70ea3e2c73d3,0,DIRECT
252,29928821853868,95621,2,18,2,test03_table_fptr_call,0x1504,0x2,0x2,0,DIRECT
253,29928821860668,95621,2,18,1,test03_table_fptr_call,0x150f,0x70ea3e2c73ed,0x70ea3e2c73ed,0,DIRECT
254,29928821877545,95621,2,20,3,test04_stack_fptr_call,0x153a,0x70ea3e2c73ed,0x70ea3e2c73ed,3,RBP_REL
255,29928821881942,95621,2,20,2,test04_stack_fptr_call,0x1542,0x70ea3e2c73ed,0x70ea3e2c73ed,3,RBP_REL
256,29928821887432,95621,2,20,1,test04_stack_fptr_call,0x1546,0x70ea3e2c73ed,0x70ea3e2c73ed,0,DIRECT
257,29928821911655,95621,2,22,3,test05_vtable_call,0x1566,0x70ea3e2c73b9,0x70ea3e2c73b9,2,RIP_REL
258,29928821916438,95621,2,23,3,test05_vtable_call,0x1571,0x70ea3e2c73d3,0x70ea3e2c73d3,2,RIP_REL
259,29928821920270,95621,2,22,2,test05_vtable_call,0x1583,0x70ea3e2c73b9,0x70ea3e2c73b9,3,RBP_REL
260,29928821926157,95621,2,22,1,test05_vtable_call,0x1587,0x70ea3e2c73b9,0x70ea3e2c73b9,0,DIRECT
261,29928821935564,95621,2,23,2,test05_vtable_call,0x1589,0x70ea3e2c73d3,0x70ea3e2c73d3,3,RBP_REL
262,29928821941115,95621,2,23,1,test05_vtable_call,0x158d,0x70ea3e2c73d3,0x70ea3e2c73d3,0,DIRECT
263,29928821958458,95621,2,25,2,call_via_fp,0x15a2,0x70ea3e2c7407,0x70ea3e2c7407,3,RBP_REL
264,29928821964968,95621,2,25,1,call_via_fp,0x15a6,0x70ea3e2c7407,0x70ea3e2c7407,0,DIRECT
265,29928821984715,95621,2,28,3,test07_indirect_jump,0x161a,0x0,0x0,1,DEREF
266,29928821988254,95621,2,28,2,test07_indirect_jump,0x1628,0x70ea3e2c73b9,0xe5894855fa1e0fcc,3,RBP_REL
267,29928821994648,95621,2,28,1,test07_indirect_jump,0x162c,0x70ea3e2c73b9,0x70ea3e2c73b9,0,DIRECT
268,29928822003729,95621,2,29,3,test07_indirect_jump,0x162e,0x70ea3e2c73ed,0x70ea3e2c73ed,2,RIP_REL
269,29928822007415,95621,2,29,2,test07_indirect_jump,0x1639,0x70ea3e2c73ed,0x70ea3e2c73ed,3,RBP_REL
270,29928822012760,95621,2,29,1,test07_indirect_jump,0x163d,0x70ea3e2c73ed,0x70ea3e2c73ed,0,DIRECT
271,29928822028619,95621,2,31,2,test08_indirect_call_with_retval,0x1682,0x70ea3e2c7421,0x70ea3e2c7421,3,RBP_REL
272,29928822034745,95621,2,31,1,test08_indirect_call_with_retval,0x1688,0x70ea3e2c7421,0x70ea3e2c7421,0,DIRECT
273,29928822050748,95621,2,33,3,test09_indirect_call_multiarg,0x16c4,0x70ea3e2c7433,0x70ea3e2c7433,2,RIP_REL
274,29928822055285,95621,2,33,2,test09_indirect_call_multiarg,0x16cf,0x70ea3e2c7433,0x70ea3e2c7433,3,RBP_REL
275,29928822060734,95621,2,33,1,test09_indirect_call_multiarg,0x16e2,0x70ea3e2c7433,0x70ea3e2c7433,0,DIRECT
276,29928822077840,95621,2,35,3,test10_volatile_fptr,0x1702,0x70ea3e2c73b9,0x70ea3e2c73b9,2,RIP_REL
277,29928822082396,95621,2,35,2,test10_volatile_fptr,0x170d,0x70ea3e2c73b9,0x70ea3e2c73b9,3,RBP_REL
278,29928822087708,95621,2,35,1,test10_volatile_fptr,0x1711,0x70ea3e2c73b9,0x70ea3e2c73b9,0,DIRECT
279,29928822103457,95621,2,37,2,test11_conditional_indirect,0x175c,0x70ea3e2c73b9,0x70ea3e2c73b9,3,RBP_REL
280,29928822108962,95621,2,37,1,test11_conditional_indirect,0x1760,0x70ea3e2c73b9,0x70ea3e2c73b9,0,DIRECT
281,29928822124783,95621,2,39,2,test12_switch_style,0x17e9,0x70ea3e2c73ed,0x70ea3e2c73ed,3,RBP_REL
282,29928822130552,95621,2,39,1,test12_switch_style,0x17ed,0x70ea3e2c73ed,0x70ea3e2c73ed,0,DIRECT
283,29928822155775,95621,2,41,3,test13_runtime_computed_target,0x1844,0x3e2c77ef00000002,0x3e2c77ef00000002,3,RBP_REL
284,29928822159507,95621,2,41,2,test13_runtime_computed_target,0x1852,0x70ea3e2c73ed,0x70ea3e2c73ed,3,RBP_REL
285,29928822164815,95621,2,41,1,test13_runtime_computed_target,0x1856,0x70ea3e2c73ed,0x70ea3e2c73ed,0,DIRECT
286,29928822209487,95621,2,46,3,test15_double_indirect,0x18f1,0x70ea3e2ca120,0x70ea3e2c73b9,1,DEREF
287,29928822213492,95621,2,46,2,test15_double_indirect,0x18f8,0x70ea3e2c73b9,0xe5894855fa1e0fcc,3,RBP_REL
288,29928822218682,95621,2,46,1,test15_double_indirect,0x18fc,0x70ea3e2c73b9,0x70ea3e2c73b9,0,DIRECT
289,29928822237596,95621,2,49,3,test16_returned_fptr_call,0x19a3,0x28,0x0,1,DEREF
290,29928822246113,95621,2,49,2,test16_returned_fptr_call,0x19ac,0x70ea3e2c73d3,0xe5894855fa1e0fcc,3,RBP_REL
291,29928822251528,95621,2,49,1,test16_returned_fptr_call,0x19b0,0x70ea3e2c73d3,0x70ea3e2c73d3,0,DIRECT
292,29928822266752,95621,2,51,3,test17_nested_struct_fptr,0x19df,0x70ea3e2c73d3,0x70ea3e2c73d3,2,RIP_REL
293,29928822270390,95621,2,51,2,test17_nested_struct_fptr,0x19f1,0x70ea3e2c73d3,0x70ea3e2c73d3,3,RBP_REL
294,29928822276218,95621,2,51,1,test17_nested_struct_fptr,0x19f5,0x70ea3e2c73d3,0x70ea3e2c73d3,0,DIRECT
295,29929830118423,95621,2,14,3,test01_global_fptr_call,0x1485,0x70ea3e2ca0e0,0x70ea3e2c73b9,2,RIP_REL
296,29929830139617,95621,2,14,2,test01_global_fptr_call,0x148c,0x70ea3e2ca0e0,0x70ea3e2c73b9,1,DEREF
297,29929830149289,95621,2,14,1,test01_global_fptr_call,0x148f,0x70ea3e2c73b9,0x70ea3e2c73b9,0,DIRECT
298,29929830167692,95621,2,16,3,test02_local_fptr_call,0x14af,0x70ea3e2c73d3,0x70ea3e2c73d3,2,RIP_REL
299,29929830172098,95621,2,16,2,test02_local_fptr_call,0x14ba,0x70ea3e2c73d3,0x70ea3e2c73d3,3,RBP_REL
300,29929830178521,95621,2,16,1,test02_local_fptr_call,0x14be,0x70ea3e2c73d3,0x70ea3e2c73d3,0,DIRECT
301,29929830197406,95621,2,18,2,test03_table_fptr_call,0x1504,0x2,0x2,0,DIRECT
302,29929830203046,95621,2,18,1,test03_table_fptr_call,0x150f,0x70ea3e2c73ed,0x70ea3e2c73ed,0,DIRECT
303,29929830219134,95621,2,20,3,test04_stack_fptr_call,0x153a,0x70ea3e2c73ed,0x70ea3e2c73ed,3,RBP_REL
304,29929830223706,95621,2,20,2,test04_stack_fptr_call,0x1542,0x70ea3e2c73ed,0x70ea3e2c73ed,3,RBP_REL
305,29929830229406,95621,2,20,1,test04_stack_fptr_call,0x1546,0x70ea3e2c73ed,0x70ea3e2c73ed,0,DIRECT
306,29929830244190,95621,2,22,3,test05_vtable_call,0x1566,0x70ea3e2c73b9,0x70ea3e2c73b9,2,RIP_REL
307,29929830248112,95621,2,23,3,test05_vtable_call,0x1571,0x70ea3e2c73d3,0x70ea3e2c73d3,2,RIP_REL
308,29929830252109,95621,2,22,2,test05_vtable_call,0x1583,0x70ea3e2c73b9,0x70ea3e2c73b9,3,RBP_REL
309,29929830257737,95621,2,22,1,test05_vtable_call,0x1587,0x70ea3e2c73b9,0x70ea3e2c73b9,0,DIRECT
310,29929830266575,95621,2,23,2,test05_vtable_call,0x1589,0x70ea3e2c73d3,0x70ea3e2c73d3,3,RBP_REL
311,29929830271844,95621,2,23,1,test05_vtable_call,0x158d,0x70ea3e2c73d3,0x70ea3e2c73d3,0,DIRECT
312,29929830288721,95621,2,25,2,call_via_fp,0x15a2,0x70ea3e2c7407,0x70ea3e2c7407,3,RBP_REL
313,29929830295123,95621,2,25,1,call_via_fp,0x15a6,0x70ea3e2c7407,0x70ea3e2c7407,0,DIRECT
314,29929830314426,95621,2,28,3,test07_indirect_jump,0x161a,0x0,0x0,1,DEREF
315,29929830318117,95621,2,28,2,test07_indirect_jump,0x1628,0x70ea3e2c73b9,0xe5894855fa1e0fcc,3,RBP_REL
316,29929830323966,95621,2,28,1,test07_indirect_jump,0x162c,0x70ea3e2c73b9,0x70ea3e2c73b9,0,DIRECT
317,29929830332791,95621,2,29,3,test07_indirect_jump,0x162e,0x70ea3e2c73ed,0x70ea3e2c73ed,2,RIP_REL
318,29929830336827,95621,2,29,2,test07_indirect_jump,0x1639,0x70ea3e2c73ed,0x70ea3e2c73ed,3,RBP_REL
319,29929830341937,95621,2,29,1,test07_indirect_jump,0x163d,0x70ea3e2c73ed,0x70ea3e2c73ed,0,DIRECT
320,29929830357562,95621,2,31,2,test08_indirect_call_with_retval,0x1682,0x70ea3e2c7421,0x70ea3e2c7421,3,RBP_REL
321,29929830363648,95621,2,31,1,test08_indirect_call_with_retval,0x1688,0x70ea3e2c7421,0x70ea3e2c7421,0,DIRECT
322,29929830379536,95621,2,33,3,test09_indirect_call_multiarg,0x16c4,0x70ea3e2c7433,0x70ea3e2c7433,2,RIP_REL
323,29929830384250,95621,2,33,2,test09_indirect_call_multiarg,0x16cf,0x70ea3e2c7433,0x70ea3e2c7433,3,RBP_REL
324,29929830389863,95621,2,33,1,test09_indirect_call_multiarg,0x16e2,0x70ea3e2c7433,0x70ea3e2c7433,0,DIRECT
325,29929830406626,95621,2,35,3,test10_volatile_fptr,0x1702,0x70ea3e2c73b9,0x70ea3e2c73b9,2,RIP_REL
326,29929830411080,95621,2,35,2,test10_volatile_fptr,0x170d,0x70ea3e2c73b9,0x70ea3e2c73b9,3,RBP_REL
327,29929830416263,95621,2,35,1,test10_volatile_fptr,0x1711,0x70ea3e2c73b9,0x70ea3e2c73b9,0,DIRECT
328,29929830431969,95621,2,37,2,test11_conditional_indirect,0x175c,0x70ea3e2c73b9,0x70ea3e2c73b9,3,RBP_REL
329,29929830437504,95621,2,37,1,test11_conditional_indirect,0x1760,0x70ea3e2c73b9,0x70ea3e2c73b9,0,DIRECT
330,29929830452939,95621,2,39,2,test12_switch_style,0x17e9,0x70ea3e2c73ed,0x70ea3e2c73ed,3,RBP_REL
331,29929830458434,95621,2,39,1,test12_switch_style,0x17ed,0x70ea3e2c73ed,0x70ea3e2c73ed,0,DIRECT
332,29929830473644,95621,2,41,3,test13_runtime_computed_target,0x1844,0x3e2c77ef00000002,0x3e2c77ef00000002,3,RBP_REL
333,29929830477329,95621,2,41,2,test13_runtime_computed_target,0x1852,0x70ea3e2c73ed,0x70ea3e2c73ed,3,RBP_REL
334,29929830482304,95621,2,41,1,test13_runtime_computed_target,0x1856,0x70ea3e2c73ed,0x70ea3e2c73ed,0,DIRECT
335,29929830516528,95621,2,46,3,test15_double_indirect,0x18f1,0x70ea3e2ca120,0x70ea3e2c73b9,1,DEREF
336,29929830520226,95621,2,46,2,test15_double_indirect,0x18f8,0x70ea3e2c73b9,0xe5894855fa1e0fcc,3,RBP_REL
337,29929830525360,95621,2,46,1,test15_double_indirect,0x18fc,0x70ea3e2c73b9,0x70ea3e2c73b9,0,DIRECT
338,29929830543509,95621,2,49,3,test16_returned_fptr_call,0x19a3,0x28,0x0,1,DEREF
339,29929830551606,95621,2,49,2,test16_returned_fptr_call,0x19ac,0x70ea3e2c73d3,0xe5894855fa1e0fcc,3,RBP_REL
340,29929830556478,95621,2,49,1,test16_returned_fptr_call,0x19b0,0x70ea3e2c73d3,0x70ea3e2c73d3,0,DIRECT
341,29929830571036,95621,2,51,3,test17_nested_struct_fptr,0x19df,0x70ea3e2c73d3,0x70ea3e2c73d3,2,RIP_REL
342,29929830574451,95621,2,51,2,test17_nested_struct_fptr,0x19f1,0x70ea3e2c73d3,0x70ea3e2c73d3,3,RBP_REL
343,29929830579367,95621,2,51,1,test17_nested_struct_fptr,0x19f5,0x70ea3e2c73d3,0x70ea3e2c73d3,0,DIRECT
344,29930838693777,95621,2,14,3,test01_global_fptr_call,0x1485,0x70ea3e2ca0e0,0x70ea3e2c73b9,2,RIP_REL
345,29930838718260,95621,2,14,2,test01_global_fptr_call,0x148c,0x70ea3e2ca0e0,0x70ea3e2c73b9,1,DEREF
346,29930838728496,95621,2,14,1,test01_global_fptr_call,0x148f,0x70ea3e2c73b9,0x70ea3e2c73b9,0,DIRECT
347,29930838766179,95621,2,16,3,test02_local_fptr_call,0x14af,0x70ea3e2c73d3,0x70ea3e2c73d3,2,RIP_REL
348,29930838771132,95621,2,16,2,test02_local_fptr_call,0x14ba,0x70ea3e2c73d3,0x70ea3e2c73d3,3,RBP_REL
349,29930838777377,95621,2,16,1,test02_local_fptr_call,0x14be,0x70ea3e2c73d3,0x70ea3e2c73d3,0,DIRECT
350,29930838805890,95621,2,18,2,test03_table_fptr_call,0x1504,0x2,0x2,0,DIRECT
351,29930838811771,95621,2,18,1,test03_table_fptr_call,0x150f,0x70ea3e2c73ed,0x70ea3e2c73ed,0,DIRECT
352,29930838829646,95621,2,20,3,test04_stack_fptr_call,0x153a,0x70ea3e2c73ed,0x70ea3e2c73ed,3,RBP_REL
353,29930838834621,95621,2,20,2,test04_stack_fptr_call,0x1542,0x70ea3e2c73ed,0x70ea3e2c73ed,3,RBP_REL
354,29930838840391,95621,2,20,1,test04_stack_fptr_call,0x1546,0x70ea3e2c73ed,0x70ea3e2c73ed,0,DIRECT
355,29930838863050,95621,2,22,3,test05_vtable_call,0x1566,0x70ea3e2c73b9,0x70ea3e2c73b9,2,RIP_REL
356,29930838867234,95621,2,23,3,test05_vtable_call,0x1571,0x70ea3e2c73d3,0x70ea3e2c73d3,2,RIP_REL
357,29930838871491,95621,2,22,2,test05_vtable_call,0x1583,0x70ea3e2c73b9,0x70ea3e2c73b9,3,RBP_REL
358,29930838877538,95621,2,22,1,test05_vtable_call,0x1587,0x70ea3e2c73b9,0x70ea3e2c73b9,0,DIRECT
359,29930838886521,95621,2,23,2,test05_vtable_call,0x1589,0x70ea3e2c73d3,0x70ea3e2c73d3,3,RBP_REL
360,29930838892135,95621,2,23,1,test05_vtable_call,0x158d,0x70ea3e2c73d3,0x70ea3e2c73d3,0,DIRECT
361,29930838909449,95621,2,25,2,call_via_fp,0x15a2,0x70ea3e2c7407,0x70ea3e2c7407,3,RBP_REL
362,29930838915626,95621,2,25,1,call_via_fp,0x15a6,0x70ea3e2c7407,0x70ea3e2c7407,0,DIRECT
363,29930838935493,95621,2,28,3,test07_indirect_jump,0x161a,0x0,0x0,1,DEREF
364,29930838939393,95621,2,28,2,test07_indirect_jump,0x1628,0x70ea3e2c73b9,0xe5894855fa1e0fcc,3,RBP_REL
365,29930838945194,95621,2,28,1,test07_indirect_jump,0x162c,0x70ea3e2c73b9,0x70ea3e2c73b9,0,DIRECT
366,29930838954312,95621,2,29,3,test07_indirect_jump,0x162e,0x70ea3e2c73ed,0x70ea3e2c73ed,2,RIP_REL
367,29930838958173,95621,2,29,2,test07_indirect_jump,0x1639,0x70ea3e2c73ed,0x70ea3e2c73ed,3,RBP_REL
368,29930838963736,95621,2,29,1,test07_indirect_jump,0x163d,0x70ea3e2c73ed,0x70ea3e2c73ed,0,DIRECT
369,29930838979491,95621,2,31,2,test08_indirect_call_with_retval,0x1682,0x70ea3e2c7421,0x70ea3e2c7421,3,RBP_REL
370,29930838985436,95621,2,31,1,test08_indirect_call_with_retval,0x1688,0x70ea3e2c7421,0x70ea3e2c7421,0,DIRECT
371,29930839001761,95621,2,33,3,test09_indirect_call_multiarg,0x16c4,0x70ea3e2c7433,0x70ea3e2c7433,2,RIP_REL
372,29930839006450,95621,2,33,2,test09_indirect_call_multiarg,0x16cf,0x70ea3e2c7433,0x70ea3e2c7433,3,RBP_REL
373,29930839011875,95621,2,33,1,test09_indirect_call_multiarg,0x16e2,0x70ea3e2c7433,0x70ea3e2c7433,0,DIRECT
374,29930839045212,95621,2,35,3,test10_volatile_fptr,0x1702,0x70ea3e2c73b9,0x70ea3e2c73b9,2,RIP_REL
375,29930839050583,95621,2,35,2,test10_volatile_fptr,0x170d,0x70ea3e2c73b9,0x70ea3e2c73b9,3,RBP_REL
376,29930839056272,95621,2,35,1,test10_volatile_fptr,0x1711,0x70ea3e2c73b9,0x70ea3e2c73b9,0,DIRECT
377,29930839072965,95621,2,37,2,test11_conditional_indirect,0x175c,0x70ea3e2c73b9,0x70ea3e2c73b9,3,RBP_REL
378,29930839078992,95621,2,37,1,test11_conditional_indirect,0x1760,0x70ea3e2c73b9,0x70ea3e2c73b9,0,DIRECT
379,29930839094294,95621,2,39,2,test12_switch_style,0x17e9,0x70ea3e2c73ed,0x70ea3e2c73ed,3,RBP_REL
380,29930839099865,95621,2,39,1,test12_switch_style,0x17ed,0x70ea3e2c73ed,0x70ea3e2c73ed,0,DIRECT
381,29930839123625,95621,2,41,3,test13_runtime_computed_target,0x1844,0x3e2c77ef00000002,0x3e2c77ef00000002,3,RBP_REL
382,29930839128452,95621,2,41,2,test13_runtime_computed_target,0x1852,0x70ea3e2c73ed,0x70ea3e2c73ed,3,RBP_REL
383,29930839133666,95621,2,41,1,test13_runtime_computed_target,0x1856,0x70ea3e2c73ed,0x70ea3e2c73ed,0,DIRECT
384,29930839186708,95621,2,46,3,test15_double_indirect,0x18f1,0x70ea3e2ca120,0x70ea3e2c73b9,1,DEREF
385,29930839190793,95621,2,46,2,test15_double_indirect,0x18f8,0x70ea3e2c73b9,0xe5894855fa1e0fcc,3,RBP_REL
386,29930839195905,95621,2,46,1,test15_double_indirect,0x18fc,0x70ea3e2c73b9,0x70ea3e2c73b9,0,DIRECT
387,29930839213654,95621,2,49,3,test16_returned_fptr_call,0x19a3,0x28,0x0,1,DEREF
388,29930839222259,95621,2,49,2,test16_returned_fptr_call,0x19ac,0x70ea3e2c73d3,0xe5894855fa1e0fcc,3,RBP_REL
389,29930839227655,95621,2,49,1,test16_returned_fptr_call,0x19b0,0x70ea3e2c73d3,0x70ea3e2c73d3,0,DIRECT
390,29930839251794,95621,2,51,3,test17_nested_struct_fptr,0x19df,0x70ea3e2c73d3,0x70ea3e2c73d3,2,RIP_REL
391,29930839255513,95621,2,51,2,test17_nested_struct_fptr,0x19f1,0x70ea3e2c73d3,0x70ea3e2c73d3,3,RBP_REL
392,29930839260943,95621,2,51,1,test17_nested_struct_fptr,0x19f5,0x70ea3e2c73d3,0x70ea3e2c73d3,0,DIRECT
393,29931886084154,95621,2,14,3,test01_global_fptr_call,0x1485,0x70ea3e2ca0e0,0x70ea3e2c73b9,2,RIP_REL
394,29931886107151,95621,2,14,2,test01_global_fptr_call,0x148c,0x70ea3e2ca0e0,0x70ea3e2c73b9,1,DEREF
395,29931886116979,95621,2,14,1,test01_global_fptr_call,0x148f,0x70ea3e2c73b9,0x70ea3e2c73b9,0,DIRECT
396,29931886156062,95621,2,16,3,test02_local_fptr_call,0x14af,0x70ea3e2c73d3,0x70ea3e2c73d3,2,RIP_REL
397,29931886161259,95621,2,16,2,test02_local_fptr_call,0x14ba,0x70ea3e2c73d3,0x70ea3e2c73d3,3,RBP_REL
398,29931886167882,95621,2,16,1,test02_local_fptr_call,0x14be,0x70ea3e2c73d3,0x70ea3e2c73d3,0,DIRECT
399,29931886205488,95621,2,18,2,test03_table_fptr_call,0x1504,0x2,0x2,0,DIRECT
400,29931886212111,95621,2,18,1,test03_table_fptr_call,0x150f,0x70ea3e2c73ed,0x70ea3e2c73ed,0,DIRECT
401,29931886244629,95621,2,20,3,test04_stack_fptr_call,0x153a,0x70ea3e2c73ed,0x70ea3e2c73ed,3,RBP_REL
402,29931886249016,95621,2,20,2,test04_stack_fptr_call,0x1542,0x70ea3e2c73ed,0x70ea3e2c73ed,3,RBP_REL
403,29931886254642,95621,2,20,1,test04_stack_fptr_call,0x1546,0x70ea3e2c73ed,0x70ea3e2c73ed,0,DIRECT
404,29931886269886,95621,2,22,3,test05_vtable_call,0x1566,0x70ea3e2c73b9,0x70ea3e2c73b9,2,RIP_REL
405,29931886273922,95621,2,23,3,test05_vtable_call,0x1571,0x70ea3e2c73d3,0x70ea3e2c73d3,2,RIP_REL
406,29931886277732,95621,2,22,2,test05_vtable_call,0x1583,0x70ea3e2c73b9,0x70ea3e2c73b9,3,RBP_REL
407,29931886283473,95621,2,22,1,test05_vtable_call,0x1587,0x70ea3e2c73b9,0x70ea3e2c73b9,0,DIRECT
408,29931886292540,95621,2,23,2,test05_vtable_call,0x1589,0x70ea3e2c73d3,0x70ea3e2c73d3,3,RBP_REL
409,29931886297868,95621,2,23,1,test05_vtable_call,0x158d,0x70ea3e2c73d3,0x70ea3e2c73d3,0,DIRECT
410,29931886315236,95621,2,25,2,call_via_fp,0x15a2,0x70ea3e2c7407,0x70ea3e2c7407,3,RBP_REL
411,29931886321393,95621,2,25,1,call_via_fp,0x15a6,0x70ea3e2c7407,0x70ea3e2c7407,0,DIRECT
412,29931886341136,95621,2,28,3,test07_indirect_jump,0x161a,0x0,0x0,1,DEREF
413,29931886345096,95621,2,28,2,test07_indirect_jump,0x1628,0x70ea3e2c73b9,0xe5894855fa1e0fcc,3,RBP_REL
414,29931886351049,95621,2,28,1,test07_indirect_jump,0x162c,0x70ea3e2c73b9,0x70ea3e2c73b9,0,DIRECT
415,29931886360443,95621,2,29,3,test07_indirect_jump,0x162e,0x70ea3e2c73ed,0x70ea3e2c73ed,2,RIP_REL
416,29931886364387,95621,2,29,2,test07_indirect_jump,0x1639,0x70ea3e2c73ed,0x70ea3e2c73ed,3,RBP_REL
417,29931886369683,95621,2,29,1,test07_indirect_jump,0x163d,0x70ea3e2c73ed,0x70ea3e2c73ed,0,DIRECT
418,29931886386046,95621,2,31,2,test08_indirect_call_with_retval,0x1682,0x70ea3e2c7421,0x70ea3e2c7421,3,RBP_REL
419,29931886392245,95621,2,31,1,test08_indirect_call_with_retval,0x1688,0x70ea3e2c7421,0x70ea3e2c7421,0,DIRECT
420,29931886408283,95621,2,33,3,test09_indirect_call_multiarg,0x16c4,0x70ea3e2c7433,0x70ea3e2c7433,2,RIP_REL
421,29931886412980,95621,2,33,2,test09_indirect_call_multiarg,0x16cf,0x70ea3e2c7433,0x70ea3e2c7433,3,RBP_REL
422,29931886418895,95621,2,33,1,test09_indirect_call_multiarg,0x16e2,0x70ea3e2c7433,0x70ea3e2c7433,0,DIRECT
423,29931886435493,95621,2,35,3,test10_volatile_fptr,0x1702,0x70ea3e2c73b9,0x70ea3e2c73b9,2,RIP_REL
424,29931886439843,95621,2,35,2,test10_volatile_fptr,0x170d,0x70ea3e2c73b9,0x70ea3e2c73b9,3,RBP_REL
425,29931886444872,95621,2,35,1,test10_volatile_fptr,0x1711,0x70ea3e2c73b9,0x70ea3e2c73b9,0,DIRECT
426,29931886460763,95621,2,37,2,test11_conditional_indirect,0x175c,0x70ea3e2c73b9,0x70ea3e2c73b9,3,RBP_REL
427,29931886466291,95621,2,37,1,test11_conditional_indirect,0x1760,0x70ea3e2c73b9,0x70ea3e2c73b9,0,DIRECT
428,29931886481797,95621,2,39,2,test12_switch_style,0x17e9,0x70ea3e2c73ed,0x70ea3e2c73ed,3,RBP_REL
429,29931886487419,95621,2,39,1,test12_switch_style,0x17ed,0x70ea3e2c73ed,0x70ea3e2c73ed,0,DIRECT
430,29931886502992,95621,2,41,3,test13_runtime_computed_target,0x1844,0x3e2c77ef00000002,0x3e2c77ef00000002,3,RBP_REL
431,29931886506462,95621,2,41,2,test13_runtime_computed_target,0x1852,0x70ea3e2c73ed,0x70ea3e2c73ed,3,RBP_REL
432,29931886511584,95621,2,41,1,test13_runtime_computed_target,0x1856,0x70ea3e2c73ed,0x70ea3e2c73ed,0,DIRECT
433,29931886546616,95621,2,46,3,test15_double_indirect,0x18f1,0x70ea3e2ca120,0x70ea3e2c73b9,1,DEREF
434,29931886550362,95621,2,46,2,test15_double_indirect,0x18f8,0x70ea3e2c73b9,0xe5894855fa1e0fcc,3,RBP_REL
435,29931886555869,95621,2,46,1,test15_double_indirect,0x18fc,0x70ea3e2c73b9,0x70ea3e2c73b9,0,DIRECT
436,29931886575153,95621,2,49,3,test16_returned_fptr_call,0x19a3,0x28,0x0,1,DEREF
437,29931886583537,95621,2,49,2,test16_returned_fptr_call,0x19ac,0x70ea3e2c73d3,0xe5894855fa1e0fcc,3,RBP_REL
438,29931886588738,95621,2,49,1,test16_returned_fptr_call,0x19b0,0x70ea3e2c73d3,0x70ea3e2c73d3,0,DIRECT
439,29931886603645,95621,2,51,3,test17_nested_struct_fptr,0x19df,0x70ea3e2c73d3,0x70ea3e2c73d3,2,RIP_REL
440,29931886607421,95621,2,51,2,test17_nested_struct_fptr,0x19f1,0x70ea3e2c73d3,0x70ea3e2c73d3,3,RBP_REL
441,29931886613118,95621,2,51,1,test17_nested_struct_fptr,0x19f5,0x70ea3e2c73d3,0x70ea3e2c73d3,0,DIRECT
442,29932888807040,95621,2,14,3,test01_global_fptr_call,0x1485,0x70ea3e2ca0e0,0x70ea3e2c73b9,2,RIP_REL
443,29932888828455,95621,2,14,2,test01_global_fptr_call,0x148c,0x70ea3e2ca0e0,0x70ea3e2c73b9,1,DEREF
444,29932888837827,95621,2,14,1,test01_global_fptr_call,0x148f,0x70ea3e2c73b9,0x70ea3e2c73b9,0,DIRECT
445,29932888871611,95621,2,16,3,test02_local_fptr_call,0x14af,0x70ea3e2c73d3,0x70ea3e2c73d3,2,RIP_REL
446,29932888876464,95621,2,16,2,test02_local_fptr_call,0x14ba,0x70ea3e2c73d3,0x70ea3e2c73d3,3,RBP_REL
447,29932888883076,95621,2,16,1,test02_local_fptr_call,0x14be,0x70ea3e2c73d3,0x70ea3e2c73d3,0,DIRECT
448,29932888919684,95621,2,18,2,test03_table_fptr_call,0x1504,0x2,0x2,0,DIRECT
449,29932888926539,95621,2,18,1,test03_table_fptr_call,0x150f,0x70ea3e2c73ed,0x70ea3e2c73ed,0,DIRECT
450,29932888943464,95621,2,20,3,test04_stack_fptr_call,0x153a,0x70ea3e2c73ed,0x70ea3e2c73ed,3,RBP_REL
451,29932888947974,95621,2,20,2,test04_stack_fptr_call,0x1542,0x70ea3e2c73ed,0x70ea3e2c73ed,3,RBP_REL
452,29932888953388,95621,2,20,1,test04_stack_fptr_call,0x1546,0x70ea3e2c73ed,0x70ea3e2c73ed,0,DIRECT
453,29932888985317,95621,2,22,3,test05_vtable_call,0x1566,0x70ea3e2c73b9,0x70ea3e2c73b9,2,RIP_REL
454,29932888990025,95621,2,23,3,test05_vtable_call,0x1571,0x70ea3e2c73d3,0x70ea3e2c73d3,2,RIP_REL
455,29932888994094,95621,2,22,2,test05_vtable_call,0x1583,0x70ea3e2c73b9,0x70ea3e2c73b9,3,RBP_REL
456,29932889000940,95621,2,22,1,test05_vtable_call,0x1587,0x70ea3e2c73b9,0x70ea3e2c73b9,0,DIRECT
457,29932889010460,95621,2,23,2,test05_vtable_call,0x1589,0x70ea3e2c73d3,0x70ea3e2c73d3,3,RBP_REL
458,29932889016016,95621,2,23,1,test05_vtable_call,0x158d,0x70ea3e2c73d3,0x70ea3e2c73d3,0,DIRECT
459,29932889050721,95621,2,25,2,call_via_fp,0x15a2,0x70ea3e2c7407,0x70ea3e2c7407,3,RBP_REL
460,29932889056781,95621,2,25,1,call_via_fp,0x15a6,0x70ea3e2c7407,0x70ea3e2c7407,0,DIRECT
461,29932889077360,95621,2,28,3,test07_indirect_jump,0x161a,0x0,0x0,1,DEREF
462,29932889080936,95621,2,28,2,test07_indirect_jump,0x1628,0x70ea3e2c73b9,0xe5894855fa1e0fcc,3,RBP_REL
463,29932889087019,95621,2,28,1,test07_indirect_jump,0x162c,0x70ea3e2c73b9,0x70ea3e2c73b9,0,DIRECT
464,29932889096432,95621,2,29,3,test07_indirect_jump,0x162e,0x70ea3e2c73ed,0x70ea3e2c73ed,2,RIP_REL
465,29932889100295,95621,2,29,2,test07_indirect_jump,0x1639,0x70ea3e2c73ed,0x70ea3e2c73ed,3,RBP_REL
466,29932889105657,95621,2,29,1,test07_indirect_jump,0x163d,0x70ea3e2c73ed,0x70ea3e2c73ed,0,DIRECT
467,29932889121783,95621,2,31,2,test08_indirect_call_with_retval,0x1682,0x70ea3e2c7421,0x70ea3e2c7421,3,RBP_REL
468,29932889127676,95621,2,31,1,test08_indirect_call_with_retval,0x1688,0x70ea3e2c7421,0x70ea3e2c7421,0,DIRECT
469,29932889143689,95621,2,33,3,test09_indirect_call_multiarg,0x16c4,0x70ea3e2c7433,0x70ea3e2c7433,2,RIP_REL
470,29932889148111,95621,2,33,2,test09_indirect_call_multiarg,0x16cf,0x70ea3e2c7433,0x70ea3e2c7433,3,RBP_REL
471,29932889153413,95621,2,33,1,test09_indirect_call_multiarg,0x16e2,0x70ea3e2c7433,0x70ea3e2c7433,0,DIRECT
472,29932889170025,95621,2,35,3,test10_volatile_fptr,0x1702,0x70ea3e2c73b9,0x70ea3e2c73b9,2,RIP_REL
473,29932889174319,95621,2,35,2,test10_volatile_fptr,0x170d,0x70ea3e2c73b9,0x70ea3e2c73b9,3,RBP_REL
474,29932889179365,95621,2,35,1,test10_volatile_fptr,0x1711,0x70ea3e2c73b9,0x70ea3e2c73b9,0,DIRECT
475,29932889200441,95621,2,37,2,test11_conditional_indirect,0x175c,0x70ea3e2c73b9,0x70ea3e2c73b9,3,RBP_REL
476,29932889206124,95621,2,37,1,test11_conditional_indirect,0x1760,0x70ea3e2c73b9,0x70ea3e2c73b9,0,DIRECT
477,29932889222208,95621,2,39,2,test12_switch_style,0x17e9,0x70ea3e2c73ed,0x70ea3e2c73ed,3,RBP_REL
478,29932889227932,95621,2,39,1,test12_switch_style,0x17ed,0x70ea3e2c73ed,0x70ea3e2c73ed,0,DIRECT
479,29932889243358,95621,2,41,3,test13_runtime_computed_target,0x1844,0x3e2c77ef00000002,0x3e2c77ef00000002,3,RBP_REL
480,29932889247234,95621,2,41,2,test13_runtime_computed_target,0x1852,0x70ea3e2c73ed,0x70ea3e2c73ed,3,RBP_REL
481,29932889252550,95621,2,41,1,test13_runtime_computed_target,0x1856,0x70ea3e2c73ed,0x70ea3e2c73ed,0,DIRECT
482,29932889295883,95621,2,46,3,test15_double_indirect,0x18f1,0x70ea3e2ca120,0x70ea3e2c73b9,1,DEREF
483,29932889300880,95621,2,46,2,test15_double_indirect,0x18f8,0x70ea3e2c73b9,0xe5894855fa1e0fcc,3,RBP_REL
484,29932889306182,95621,2,46,1,test15_double_indirect,0x18fc,0x70ea3e2c73b9,0x70ea3e2c73b9,0,DIRECT
485,29932889332773,95621,2,49,3,test16_returned_fptr_call,0x19a3,0x28,0x0,1,DEREF
486,29932889341366,95621,2,49,2,test16_returned_fptr_call,0x19ac,0x70ea3e2c73d3,0xe5894855fa1e0fcc,3,RBP_REL
487,29932889346663,95621,2,49,1,test16_returned_fptr_call,0x19b0,0x70ea3e2c73d3,0x70ea3e2c73d3,0,DIRECT
488,29932889361632,95621,2,51,3,test17_nested_struct_fptr,0x19df,0x70ea3e2c73d3,0x70ea3e2c73d3,2,RIP_REL
489,29932889365132,95621,2,51,2,test17_nested_struct_fptr,0x19f1,0x70ea3e2c73d3,0x70ea3e2c73d3,3,RBP_REL
490,29932889370863,95621,2,51,1,test17_nested_struct_fptr,0x19f5,0x70ea3e2c73d3,0x70ea3e2c73d3,0,DIRECT
491,29933890677475,95621,2,14,3,test01_global_fptr_call,0x1485,0x70ea3e2ca0e0,0x70ea3e2c73b9,2,RIP_REL
492,29933890698868,95621,2,14,2,test01_global_fptr_call,0x148c,0x70ea3e2ca0e0,0x70ea3e2c73b9,1,DEREF
493,29933890708157,95621,2,14,1,test01_global_fptr_call,0x148f,0x70ea3e2c73b9,0x70ea3e2c73b9,0,DIRECT
494,29933890733676,95621,2,16,3,test02_local_fptr_call,0x14af,0x70ea3e2c73d3,0x70ea3e2c73d3,2,RIP_REL
495,29933890737485,95621,2,16,2,test02_local_fptr_call,0x14ba,0x70ea3e2c73d3,0x70ea3e2c73d3,3,RBP_REL
496,29933890742998,95621,2,16,1,test02_local_fptr_call,0x14be,0x70ea3e2c73d3,0x70ea3e2c73d3,0,DIRECT
497,29933890761302,95621,2,18,2,test03_table_fptr_call,0x1504,0x2,0x2,0,DIRECT
498,29933890766695,95621,2,18,1,test03_table_fptr_call,0x150f,0x70ea3e2c73ed,0x70ea3e2c73ed,0,DIRECT
499,29933890781791,95621,2,20,3,test04_stack_fptr_call,0x153a,0x70ea3e2c73ed,0x70ea3e2c73ed,3,RBP_REL
500,29933890786095,95621,2,20,2,test04_stack_fptr_call,0x1542,0x70ea3e2c73ed,0x70ea3e2c73ed,3,RBP_REL
501,29933890791203,95621,2,20,1,test04_stack_fptr_call,0x1546,0x70ea3e2c73ed,0x70ea3e2c73ed,0,DIRECT
502,29933890804807,95621,2,22,3,test05_vtable_call,0x1566,0x70ea3e2c73b9,0x70ea3e2c73b9,2,RIP_REL
503,29933890808466,95621,2,23,3,test05_vtable_call,0x1571,0x70ea3e2c73d3,0x70ea3e2c73d3,2,RIP_REL
504,29933890811944,95621,2,22,2,test05_vtable_call,0x1583,0x70ea3e2c73b9,0x70ea3e2c73b9,3,RBP_REL
505,29933890817012,95621,2,22,1,test05_vtable_call,0x1587,0x70ea3e2c73b9,0x70ea3e2c73b9,0,DIRECT
506,29933890825371,95621,2,23,2,test05_vtable_call,0x1589,0x70ea3e2c73d3,0x70ea3e2c73d3,3,RBP_REL
507,29933890830389,95621,2,23,1,test05_vtable_call,0x158d,0x70ea3e2c73d3,0x70ea3e2c73d3,0,DIRECT
508,29933890846308,95621,2,25,2,call_via_fp,0x15a2,0x70ea3e2c7407,0x70ea3e2c7407,3,RBP_REL
509,29933890852137,95621,2,25,1,call_via_fp,0x15a6,0x70ea3e2c7407,0x70ea3e2c7407,0,DIRECT
510,29933890870239,95621,2,28,3,test07_indirect_jump,0x161a,0x0,0x0,1,DEREF
511,29933890873750,95621,2,28,2,test07_indirect_jump,0x1628,0x70ea3e2c73b9,0xe5894855fa1e0fcc,3,RBP_REL
512,29933890879076,95621,2,28,1,test07_indirect_jump,0x162c,0x70ea3e2c73b9,0x70ea3e2c73b9,0,DIRECT
513,29933890887485,95621,2,29,3,test07_indirect_jump,0x162e,0x70ea3e2c73ed,0x70ea3e2c73ed,2,RIP_REL
514,29933890891096,95621,2,29,2,test07_indirect_jump,0x1639,0x70ea3e2c73ed,0x70ea3e2c73ed,3,RBP_REL
515,29933890895911,95621,2,29,1,test07_indirect_jump,0x163d,0x70ea3e2c73ed,0x70ea3e2c73ed,0,DIRECT
516,29933890910401,95621,2,31,2,test08_indirect_call_with_retval,0x1682,0x70ea3e2c7421,0x70ea3e2c7421,3,RBP_REL
517,29933890916233,95621,2,31,1,test08_indirect_call_with_retval,0x1688,0x70ea3e2c7421,0x70ea3e2c7421,0,DIRECT
518,29933890930509,95621,2,33,3,test09_indirect_call_multiarg,0x16c4,0x70ea3e2c7433,0x70ea3e2c7433,2,RIP_REL
519,29933890934594,95621,2,33,2,test09_indirect_call_multiarg,0x16cf,0x70ea3e2c7433,0x70ea3e2c7433,3,RBP_REL
520,29933890939587,95621,2,33,1,test09_indirect_call_multiarg,0x16e2,0x70ea3e2c7433,0x70ea3e2c7433,0,DIRECT
521,29933890954673,95621,2,35,3,test10_volatile_fptr,0x1702,0x70ea3e2c73b9,0x70ea3e2c73b9,2,RIP_REL
522,29933890958708,95621,2,35,2,test10_volatile_fptr,0x170d,0x70ea3e2c73b9,0x70ea3e2c73b9,3,RBP_REL
523,29933890963386,95621,2,35,1,test10_volatile_fptr,0x1711,0x70ea3e2c73b9,0x70ea3e2c73b9,0,DIRECT
524,29933890978035,95621,2,37,2,test11_conditional_indirect,0x175c,0x70ea3e2c73b9,0x70ea3e2c73b9,3,RBP_REL
525,29933890982801,95621,2,37,1,test11_conditional_indirect,0x1760,0x70ea3e2c73b9,0x70ea3e2c73b9,0,DIRECT
526,29933890997038,95621,2,39,2,test12_switch_style,0x17e9,0x70ea3e2c73ed,0x70ea3e2c73ed,3,RBP_REL
527,29933891002079,95621,2,39,1,test12_switch_style,0x17ed,0x70ea3e2c73ed,0x70ea3e2c73ed,0,DIRECT
528,29933891016164,95621,2,41,3,test13_runtime_computed_target,0x1844,0x3e2c77ef00000002,0x3e2c77ef00000002,3,RBP_REL
529,29933891019714,95621,2,41,2,test13_runtime_computed_target,0x1852,0x70ea3e2c73ed,0x70ea3e2c73ed,3,RBP_REL
530,29933891024332,95621,2,41,1,test13_runtime_computed_target,0x1856,0x70ea3e2c73ed,0x70ea3e2c73ed,0,DIRECT
531,29933891055638,95621,2,46,3,test15_double_indirect,0x18f1,0x70ea3e2ca120,0x70ea3e2c73b9,1,DEREF
532,29933891058997,95621,2,46,2,test15_double_indirect,0x18f8,0x70ea3e2c73b9,0xe5894855fa1e0fcc,3,RBP_REL
533,29933891063797,95621,2,46,1,test15_double_indirect,0x18fc,0x70ea3e2c73b9,0x70ea3e2c73b9,0,DIRECT
534,29933891080736,95621,2,49,3,test16_returned_fptr_call,0x19a3,0x28,0x0,1,DEREF
535,29933891088263,95621,2,49,2,test16_returned_fptr_call,0x19ac,0x70ea3e2c73d3,0xe5894855fa1e0fcc,3,RBP_REL
536,29933891092695,95621,2,49,1,test16_returned_fptr_call,0x19b0,0x70ea3e2c73d3,0x70ea3e2c73d3,0,DIRECT
537,29933891106012,95621,2,51,3,test17_nested_struct_fptr,0x19df,0x70ea3e2c73d3,0x70ea3e2c73d3,2,RIP_REL
538,29933891109206,95621,2,51,2,test17_nested_struct_fptr,0x19f1,0x70ea3e2c73d3,0x70ea3e2c73d3,3,RBP_REL
539,29933891114116,95621,2,51,1,test17_nested_struct_fptr,0x19f5,0x70ea3e2c73d3,0x70ea3e2c73d3,0,DIRECT
